mode,N,Nb,Lb,Nh,N_ell,Nc,coverage_mean,coverage_std,coverage_min,coverage_max,riae_matrix_mean,riae_matrix_std,riae_matrix_min,riae_matrix_max,l2_matrix_mean,l2_matrix_std,l2_matrix_min,l2_matrix_max,vi_coverage_mean,vi_coverage_std,vi_coverage_min,vi_coverage_max,vi_riae_matrix_mean,vi_riae_matrix_std,vi_riae_matrix_min,vi_riae_matrix_max,vi_l2_matrix_mean,vi_l2_matrix_std,vi_l2_matrix_min,vi_l2_matrix_max,ess_median_mean,ess_median_std,ess_median_min,ess_median_max,runtime_mean,runtime_std,runtime_min,runtime_max,n_seeds
large,16384,1,16384.0,2,8192.0,4096.0,0.9082864051330982,0.03107408672933485,0.8156652011073116,0.9745155512131575,0.1121243322290827,0.00452846245101902,0.10167307407739341,0.1293279100090333,0.11536535766163508,0.005620221104152232,0.10421149382302262,0.1356211971470531,0.5750695339573568,0.02813184979452962,0.4685447538403083,0.6484285946914183,0.10502098693328937,0.058335922359293226,0.04515148950177449,0.4390527082226155,1.3842057822460052,1.899709784983716,0.053857443963455195,13.133563658314857,24056.584297188754,2807.493238623399,15447.79,32328.85,9.214687253576685,1.6911236331831139,7.016037702560425,17.05671501159668,498
large,16384,1,16384.0,4,8192.0,2048.0,0.9103182579345295,0.03025708693636903,0.8295861844248941,0.9807754969045291,0.11217069875585191,0.004533665783566144,0.10091180762856129,0.12956469720172747,0.11496898170602592,0.005463478718288685,0.10445759011527055,0.13671251879094456,0.5758340192528559,0.02637102171863601,0.4831649831649832,0.6522211360921039,0.09124986761210252,0.037295616696794404,0.04112485951604441,0.2538580212284357,0.8639311558621935,1.0795535065721278,0.05340755615062135,6.141359112677128,26352.376385542168,3080.8056750657433,11786.225,33242.53,9.03162127709293,1.561069070554904,6.85687518119812,15.350830793380737,498
large,16384,1,16384.0,8,8192.0,1024.0,0.9141248358861668,0.029300947952768937,0.8276799304196565,0.9919547727766905,0.11140648587958969,0.0046937045494997425,0.10004319235431745,0.1308201902702085,0.11407025663698413,0.005614472885266275,0.10358862800405888,0.13763776030060487,0.5767381686617419,0.02639794085303872,0.48140900195694714,0.654707545118504,0.0702367915682857,0.018902223122538076,0.03851494564482443,0.15113795496086524,0.3177228127964268,0.39967411010358284,0.03904733610221419,2.084690751361268,26639.614098196394,3302.8494448373267,9477.41,33489.479999999996,8.917347981600102,1.6497259060372917,6.941011905670166,17.311686038970947,499
large,16384,1,16384.0,16,8192.0,512.0,0.9179151330984409,0.029096712995806996,0.8150326797385621,0.9904139433551198,0.1101924789106172,0.004407121826367737,0.09878600269481855,0.1281689922539986,0.112920771565632,0.005117058137747477,0.10278532238954272,0.13509736755844587,0.575343715753948,0.02696404012147168,0.48562091503267973,0.6782135076252723,0.06006072550405621,0.01875610051509064,0.03188178247513292,0.2579268563830841,0.11419632714292281,0.16834858666800434,0.031520385320316195,2.3723567036855076,25479.807935871744,3524.7681747532915,14270.865,33100.425,8.813971745466183,1.6163504568971474,6.808440923690796,16.692431688308716,499
large,16384,1,16384.0,32,8192.0,256.0,0.9171624088071156,0.030450625097979217,0.8276465441819773,0.9864391951006124,0.10933063757884241,0.004162289038716975,0.09943307026229707,0.12466150671751976,0.11231246702342666,0.004605807313415497,0.10378724589035554,0.13084876336977214,0.5711431612130649,0.02897969672894349,0.4759405074365704,0.652230971128609,0.055701703330968313,0.018762931411962995,0.030356480358471962,0.19262183352635107,0.09651316777380207,0.1345178009784268,0.03117164821075704,1.2257111299710666,24010.63371743487,3499.5826537319235,6854.755,33360.61,8.816128237691814,1.7022336426342595,6.786714553833008,16.978558778762817,499
large,16384,1,16384.0,OFF,8192.0,8192.0,0.9098866298599098,0.03066494201031668,0.8024013024013024,0.9853208519875186,0.11140213686859653,0.00445043692703479,0.10233465679527927,0.12786605155598094,0.11484825826544709,0.005713429440484037,0.10476784090730945,0.13715264655262233,0.581463537575762,0.026413540286193523,0.5042735042735043,0.651702618369285,0.0869233098159024,0.042669450544906215,0.043417521260055505,0.47942879001022276,0.9278957712724528,1.2547503096008175,0.04942838570227018,7.688099988997796,21018.745260521042,2726.422512795136,12365.325,28507.885000000002,9.613712163153059,1.7631879925968978,7.306090593338013,18.331633806228638,499
large,16384,2,8192.0,2,4096.0,2048.0,0.9106773107418269,0.029549556508007224,0.8250787444335831,0.9802867383512545,0.11212879132577741,0.004529798662148355,0.10053897725606449,0.12821634013651892,0.11495012415127098,0.005561557541391465,0.1038763863851547,0.13569509582974246,0.5737509503638536,0.026080914359335315,0.4750190072770718,0.6424459650266102,0.0781651873562038,0.023436682380064255,0.04450673468703859,0.1613145737213348,0.4814717928480288,0.5529475613406036,0.05143361711692795,3.081188096201819,26278.84179,2979.2555147767885,17061.305,31868.18,9.029353950023651,1.719972057376125,6.989425897598267,17.551154136657715,500
large,16384,2,8192.0,4,4096.0,1024.0,0.9142635355512068,0.029634172153262094,0.8280060882800608,0.9820613176777561,0.11138133417695156,0.004520858839827283,0.10032018847968675,0.12908099460626032,0.11403890748718502,0.005396516465260533,0.10380017186040852,0.13569149687116802,0.5749706457925636,0.02527020924157956,0.4824961948249619,0.6642748423570342,0.06734621303037419,0.015811575857901047,0.037982175574629434,0.14612123838720648,0.24052079277095853,0.29202148795688804,0.039036892982563125,2.154728031011473,26404.83672,3360.8129952902864,11664.68,32812.085,8.894046180725098,1.6731206573723734,6.748695611953735,17.41137385368347,500
large,16384,2,8192.0,8,4096.0,512.0,0.9173106753812637,0.029611864884209343,0.8230936819172113,0.9906318082788671,0.11019107021442388,0.004273390761604187,0.10000523936250345,0.1277476155788939,0.11288420470665454,0.004908175175022451,0.10382316053162169,0.1335564417118173,0.5755159041394335,0.02548781337942654,0.4681917211328976,0.6747276688453159,0.05879816312598117,0.01239450652409022,0.037852122601145316,0.13125387788617293,0.09633587945748176,0.07607048739232192,0.03884131631385713,0.7101371215248334,25725.92193,3461.0659636577298,12806.98,32976.54,8.759130763530731,1.7455014382380252,6.758430480957031,24.147947311401367,500
large,16384,2,8192.0,16,4096.0,256.0,0.9171487314085739,0.031128059129252966,0.8254593175853019,0.9886264216972879,0.1093861844569518,0.004121913018566048,0.09916213632984798,0.12439047194037367,0.1123561846758802,0.004564915952173974,0.10349883313953213,0.13024969069033543,0.5714129483814523,0.029841244388886686,0.4461942257217848,0.6570428696412949,0.05398307068697584,0.014787466962088346,0.031007763067565555,0.1366678102332376,0.08143080606902858,0.08921625436644919,0.030704156581801763,0.7557534502976873,23997.021230000002,3787.463697561934,1153.48,31842.934999999998,8.80554194879532,1.6889067655312395,6.831154108047485,17.585439682006836,500
large,16384,2,8192.0,OFF,4096.0,4096.0,0.9078922758286035,0.03126966913066966,0.8204689789936492,0.9758996906041362,0.1122237879005256,0.004612558018322057,0.10255400583684113,0.12850432977462076,0.11553808651840229,0.005842204401246937,0.10552581074428641,0.13783428195118938,0.5743962115628557,0.027372092310993437,0.4722629322043098,0.6640612278130598,0.07874510485182733,0.023887547795759353,0.04280735289645406,0.2546339217137325,0.5409302066387062,0.6166920854869856,0.061181184057391265,4.914401792798984,23937.890672690763,2939.14878409068,14166.71,30412.89,9.10520081826482,1.6325262199342958,7.064056634902954,17.780390739440918,498
large,16384,4,4096.0,2,2048.0,1024.0,0.9137736464448794,0.029262517055878512,0.8282235268536638,0.9789084583605131,0.11139813858064042,0.0045839481833142535,0.10175198159947184,0.12943926317792254,0.11402694078139701,0.005483666930609014,0.10466305642200786,0.13795624856870928,0.5756899325940421,0.025535001978748896,0.49478147423352903,0.65514242226571,0.06472814889445655,0.012311982204485938,0.0381099751467127,0.1104629419305874,0.17185546345760638,0.15706617700025244,0.03748144890212879,1.086773327787408,26694.87259,3220.9927180706227,18103.465,32970.345,8.840080130577087,1.6382944652764875,6.913334131240845,16.662258863449097,500
large,16384,4,4096.0,4,2048.0,512.0,0.917479302832244,0.029689330409837646,0.8211328976034858,0.9786492374727669,0.11032721816131362,0.004459127286945204,0.09933430780652155,0.12699779308207404,0.1130310135934396,0.005139618949991554,0.10317151010510804,0.133175793272681,0.575526797385621,0.027115421717645135,0.4923747276688453,0.661437908496732,0.057264511500778326,0.01119940611421301,0.034419071612476315,0.12456006580089306,0.0894729016590021,0.06698397936581536,0.03411308451651719,0.7353330294669891,25752.68693,3635.7096166038014,6175.1849999999995,33560.255,8.748387293815613,1.7205455378056675,6.826317310333252,16.95157766342163,500
large,16384,4,4096.0,8,2048.0,256.0,0.9172519685039371,0.03047049400326076,0.8193350831146107,0.9864391951006124,0.10941191928294818,0.004037311166339699,0.10107016089538806,0.12414481178177658,0.11240611101438082,0.004462344525815651,0.10474552069630516,0.12945907336894869,0.571894138232721,0.029404722756616472,0.4772528433945757,0.6539807524059492,0.05234318657525059,0.010450418355398455,0.0338284743160423,0.10678124364471135,0.06961835448874354,0.04486650260227131,0.03324410698490555,0.3709803898424541,24035.55155,3622.2401296666376,14942.8,31878.235,8.776595948696137,1.682863806087482,6.775474786758423,16.642731189727783,500
large,16384,4,4096.0,OFF,2048.0,2048.0,0.9107286101067679,0.029660252665037,0.8227435646790485,0.9802867383512545,0.11219324245163477,0.0044653467033646975,0.10085794990379782,0.12758449973788383,0.1150521248967385,0.005561264523191884,0.10398475384492388,0.13446315677005163,0.5738604466742827,0.026822425681022048,0.49076789399370047,0.6514065385033126,0.06868356497256108,0.013199867777722155,0.04003968628721874,0.12048619571364895,0.24455432232372368,0.22086205221263733,0.04401590896375866,1.4027612777018135,26052.716516064254,2905.5348785942197,16692.644999999997,32426.825,9.05462391500971,1.7082007381858995,6.9589550495147705,17.948278188705444,498
large,16384,8,2048.0,2,1024.0,512.0,0.917120697167756,0.030120841459385782,0.8309368191721133,0.9860566448801743,0.1106327618490219,0.004582926407622657,0.10087441016707639,0.13323958000829636,0.11333576864759287,0.005296058830187686,0.1042683288019686,0.13704145962418215,0.5764013071895425,0.025957759030091038,0.46688453159041393,0.6468409586056645,0.05669037419782444,0.009781663123135416,0.03434947087511483,0.08913146743656596,0.08009130899301257,0.03886860308761459,0.03601993745978917,0.24756916990317723,25586.72102,3658.48994751889,4235.695,33585.09,8.777842540740966,1.6963069278869929,6.815229654312134,16.073302507400513,500
large,16384,8,2048.0,4,1024.0,256.0,0.9174278215223097,0.031486547533015774,0.7169728783902012,0.9833770778652668,0.1095247805688736,0.004477856813524889,0.10056588992940203,0.15080286197058132,0.1124745057873241,0.0048106248936809985,0.10456785863711014,0.1502809283230179,0.5725004374453193,0.028452458172458197,0.4768153980752406,0.6426071741032371,0.05067103671096388,0.007147001572957937,0.034254676126982235,0.07820139159669304,0.058938843221817264,0.016293180397691315,0.03384630843818206,0.15673233463980207,24000.16367,3786.7161529359837,4.51,31755.205,8.794840710639953,1.697052213774488,6.787819862365723,17.72377872467041,500
large,16384,8,2048.0,OFF,1024.0,1024.0,0.9136688087422532,0.02950658294629929,0.8207218960643619,0.9777125462056969,0.11194348677188501,0.0045557379893129465,0.10012448377660031,0.13058372478961267,0.11470547303464446,0.005612631347727458,0.10376739625809148,0.13967153126545068,0.5759934716033082,0.025428905549311192,0.48956294846705806,0.647205914329202,0.06201564924043667,0.009524803428244166,0.03556594276569013,0.1005155609970876,0.11671850576437075,0.07324076003734017,0.036581594378996475,0.5067273241943141,26336.320903614458,3189.834619257268,16529.504999999997,32747.05,8.888709373742222,1.6456404908751738,6.871551990509033,17.39199447631836,498
large,16384,16,1024.0,2,512.0,256.0,0.9169641294838146,0.02969518492284861,0.8193350831146107,0.9903762029746281,0.1099609849276986,0.004245656149819514,0.10097657752978853,0.12795120811112712,0.11290897629078847,0.0047247248013640416,0.1047230573104542,0.13497522839213713,0.573522309711286,0.027536548238880642,0.4658792650918635,0.6517935258092739,0.0504343375647985,0.007136443590492217,0.03304542984236861,0.07424717331363054,0.0560769670191663,0.011492957643831039,0.032358895704764794,0.12181677701777859,23861.71579,3724.1459876158156,25.685000000000002,32003.35,8.839267538070679,1.6802048809668058,6.774481534957886,17.445005178451538,500
large,16384,16,1024.0,OFF,512.0,512.0,0.9150733653568522,0.029254914672389516,0.8226579520697168,0.985838779956427,0.11125162912446362,0.004436376493666084,0.10185468804847987,0.12985192454881722,0.11394007849714434,0.005213296743850193,0.10519302132585519,0.1390130705925773,0.5773700466353431,0.025688297067681432,0.49651416122004355,0.6416122004357299,0.05435239746971216,0.00782085976334658,0.03045346105273877,0.08358240865795331,0.06437877092791675,0.018448324447462514,0.02972702747486031,0.18905210755126067,25503.946757028112,3430.6388408222338,13713.76,33184.405,8.743736561522427,1.5514951649733593,6.719343662261963,15.286062002182007,498
large,16384,32,512.0,OFF,256.0,256.0,0.9113783121799154,0.04079994534244603,0.279090113735783,0.9851268591426072,4429.223943800069,98938.87850137184,0.10237663654803071,2210127.2430648915,41485.26366265371,926708.0418124186,0.10564771531156275,20701089.689044304,0.5724388409364661,0.03338581821582531,0.09580052493438321,0.6544181977252843,516.8041788477609,11543.346117808484,0.0319988513843471,257858.87285533716,4662.009768134722,104140.09899149676,0.03158461497042685,2326313.6550658206,23774.453116232467,3464.7034875146464,4.14,31767.465,8.81048907880076,1.5986837037421144,6.792625427246094,15.29137134552002,499
